date,pm25,pm10,o3,no2,so2,co
01-06-2023,147,102,36,11,7,7
02-06-2023,147,93,38,10,4,5
03-06-2023,145,79,44,9,7,5
04-06-2023,131,68,30,9,4,5
05-06-2023,115,73,44,12,6,7
06-06-2023,147,86,15,12,5,7
07-06-2023,147, , , , , 
01-05-2023,102,65,23,12,5,5
02-05-2023,106,73,19,11,3,5
03-05-2023,103,75,23,12,4,7
04-05-2023,118,93,31,11,3,5
05-05-2023,152,95,41,11,4,5
06-05-2023,158,105,43,13,6,5
07-05-2023,159,119,46,17,8,5
08-05-2023,164,110,40,14,5,4
09-05-2023,164,84,43,12,4,5
10-05-2023,151,103,54,11,4,5
11-05-2023,158,92,44,10,4,4
12-05-2023,160,101,28,12,2,5
13-05-2023,149,100,41,12,3,5
14-05-2023,160,90,28,10,4,4
15-05-2023,120,75,28,11,3,6
16-05-2023,120,78,43,10,3,5
17-05-2023,128,75,14,11,4,5
18-05-2023,117,69,30,11,3,5
19-05-2023,116, , , , , 
22-05-2023,128,77,19,12,2,6
23-05-2023,125,71,20,11,2,5
24-05-2023,124,83,30,12,2,5
25-05-2023,144,61,21,10,3,7
26-05-2023,104,63,11,9,4,6
27-05-2023,117,90,15,9,3,6
28-05-2023,151,81,27,9,3,4
29-05-2023,136,84,34,10,2,6
30-05-2023,126,81,32,9,3,5
31-05-2023,121,95,34,11,7,6
03-04-2023,115,82,36,15,6,5
04-04-2023,144,72,29,14,3,5
05-04-2023,123,93,41,16,8,6
06-04-2023,154,96,39,16,9,7
07-04-2023,155,115,38,16,8,6
08-04-2023,157,102,41,16,11,8
09-04-2023,160,112,38,16,7,6
10-04-2023,167,101,44,18,9,9
11-04-2023,164,106,47,17,11,5
12-04-2023,167,106,41,18,13,6
13-04-2023,167,106,55,17,12,7
14-04-2023,164,110,42,17,8,6
15-04-2023,165,123,53,18,12,6
16-04-2023,177,116,51,15,10,7
17-04-2023,167,111,48,14,5,7
18-04-2023,163,119,18,18,4,3
19-04-2023,162,111,45,13,5,3
20-04-2023,164,82,34,13,6,5
21-04-2023,137,77,43,13,8,6
22-04-2023,134,59,33,13,6,4
23-04-2023,99,59,29,13,3,4
24-04-2023,109,76,35,12,2,5
25-04-2023,128,79,38,12,3,5
26-04-2023,130,92,36,12,3,6
27-04-2023,156,112,36,12,5,5
28-04-2023,142,88,37,14,7,5
29-04-2023,157,83,36,11,5,4
30-04-2023,151,62,17,11,4,4
02-01-2023,240,191,30,14,4,6
03-01-2023,216,157,31,12,3,6
04-01-2023,191,160,30,12,3,6
05-01-2023,189,139,27,12,3,5
06-01-2023,182,147,30,12,3,5
07-01-2023,191,150,35,13,3,5
08-01-2023,191,139,28,14,3,6
09-01-2023,187,205,47,19,9,10
10-01-2023,222,173,34,17,6,6
11-01-2023,202,162,33,19,8,10
12-01-2023,178,220,35,24,14,12
13-01-2023,212,195,32,21,8,9
14-01-2023,202,164,29,18,6,6
15-01-2023,185,147,28,17,5,8
16-01-2023,175,161,31,19,6,6
17-01-2023,174,179,36,19,5,7
18-01-2023,185,183,37,19,6,7
19-01-2023,190,215,43,21,7,12
20-01-2023,212,262,31,25,8,9
21-01-2023,226,264,37,20,7,9
22-01-2023,224,271,37,22,9,9
23-01-2023,222,225,35,18,8,6
24-01-2023,208,250,32,21,8,8
25-01-2023,213,168,33,16,4,5
26-01-2023,186,113,30,15,6,5
27-01-2023,157,115,27,14,4,5
28-01-2023,160,104,35,15,4,5
29-01-2023,155,135,32,20,8,8
30-01-2023,166,119,34,16,4,4
31-01-2023,164,87,31,13,5,4
01-02-2023,138,92,29,13,3,5
02-02-2023,146,104,36,15,3,5
03-02-2023,146,121,38,18,9,5
04-02-2023,155,98,34,16,6,5
05-02-2023,145,128,36,20,10,10
06-02-2023,149,153,33,22,12,10
07-02-2023,167,129,36,18,8,5
08-02-2023,173,114,41,18,9,7
09-02-2023,156,127,49,20,10,7
10-02-2023,164,165,54,22,13,9
11-02-2023,178,128,35,16,8,6
12-02-2023,163,99,41,14,6,5
13-02-2023,153,110,45,17,9,6
14-02-2023,151,139,48,19,9,7
15-02-2023,162,138,51,20,13,6
16-02-2023,170,175,52,21,10,7
17-02-2023,181,198,21,20,9,6
18-02-2023,189,198,21,19,7,7
19-02-2023,190,176,43,17,5,6
20-02-2023,186,153,54,18,7,8
21-02-2023,183,139,49,20,11,6
22-02-2023,188,99,50,18,11,6
23-02-2023,158,113,41,17,6,4
24-02-2023,171,101,45,18,8,7
25-02-2023,157,112,50,18,11,5
26-02-2023,171,106,54,17,12,6
27-02-2023,166,118,48,22,12,9
28-02-2023,166,133,44,22,12,6
01-03-2023,177,126,40,19,10,6
02-03-2023,173,103,39,18,13,7
03-03-2023,162,111,34,18,13,7
04-03-2023,167,96,35,16,10,5
05-03-2023,159,85,36,15,8,4
06-03-2023,158,108,36,15,8,6
07-03-2023,156,112,38,14,7,6
08-03-2023,152,91,43,19,9,6
09-03-2023,157,86,40,14,4,4
10-03-2023,146,91,28,19,6,6
11-03-2023,158,102,38,20,8,6
12-03-2023,165,120,44,22,6,8
13-03-2023,174,114,48,18,7,5
14-03-2023,173,101,33,17,4,5
15-03-2023,162,125,33,21,9,7
16-03-2023,171,93,12,18,1,6
17-03-2023,164,124,30,20,3,6
18-03-2023,177, , , , , 
21-03-2023,147,69,33,14,4,4
22-03-2023,123,68,33,14,4,5
23-03-2023,124,89,39,17,6,6
24-03-2023,151,86,33,16,4,5
25-03-2023,148,101,36,14,3,5
26-03-2023,161,67,32,13,4,4
27-03-2023,125,78,37,12,4,5
28-03-2023,135,95,37,14,4,5
29-03-2023,157,80,14,13,2,5
30-03-2023,147, , , , , 
01-10-2022,150,75,20,9,3,8
02-10-2022,126,58,18,9,2,5
03-10-2022,99,43,15,8,2,5
04-10-2022,76,46,14,8,3,3
05-10-2022,75,53,15,8,2,4
06-10-2022,82,35,15,8,2,4
07-10-2022,64,54,18,8,2,4
08-10-2022,77,33,13,7,2,4
09-10-2022,53,41,14,8,2,5
10-10-2022,59,56,13,8,3,5
11-10-2022,53,58,19,9,2,6
12-10-2022,79,70,13,9,2,7
13-10-2022,98,83,14,11,3,5
14-10-2022,132,85,15,10,3,5
15-10-2022,139,79,19,10,2,4
16-10-2022,121, , , , , 
24-10-2022,150,82,43,12,3,6
25-10-2022,117,109,41,14,3,6
26-10-2022,150,120,44,16,3,5
27-10-2022,161,122,46,16,3,5
28-10-2022,162,114,42,14,3,4
29-10-2022,157,97,36,12,3,4
30-10-2022,136,92,39,15,3,5
31-10-2022,139,118,34,15,3,4
01-11-2022,148,108,29,14,3,4
02-11-2022,155,130,35,16,3,9
03-11-2022,162,161,36,20,3,8
04-11-2022,175,149,31,18,3,6
05-11-2022,168,127,33,17,4,6
06-11-2022,161,139,32,18,3,7
07-11-2022,166,135,33,16,3,6
08-11-2022,168,126,31,17,4,6
09-11-2022,163,139,33,18,4,6
10-11-2022,169,164,30,17,3,7
11-11-2022,182,179,31,17,4,7
12-11-2022,185,151,38,16,4,6
13-11-2022,174,154,38,17,4,5
14-11-2022,177,177,42,18,5,8
15-11-2022,185,189,42,20,4,8
16-11-2022,192,161,35,18,4,7
17-11-2022,172,141,38,16,4,4
18-11-2022,168,123,38,14,4,5
19-11-2022,164,156,37,14,3,5
20-11-2022,178,133,41,15,5,6
21-11-2022,169,160,38,19,6,7
22-11-2022,182,170,38,19,5,7
23-11-2022,185,159,46,18,4,7
24-11-2022,184,169,38,18,5,6
25-11-2022,183,170,38,19,4,9
26-11-2022,185,206,36,20,6,7
27-11-2022,197,195,36,19,5,6
28-11-2022,194,167,34,17,5,6
29-11-2022,177,148,34,17,5,6
30-11-2022,176,163,36,17,4,6
01-12-2022,186,174,42,17,6,6
02-12-2022,193,188,43,17,4,7
03-12-2022,198,203,43,17,5,6
04-12-2022,205,196,37,18,5,7
05-12-2022,199,184,39,17,5,7
06-12-2022,190,187,38,17,5,6
07-12-2022,190,177,38,18,5,7
08-12-2022,187,202,40,22,7,8
09-12-2022,196,191,34,21,8,7
10-12-2022,195,272,38,22,5,10
11-12-2022,218,347,47,24,6,11
12-12-2022,246,281,39,24,7,7
13-12-2022,228,153,33,22,6,6
14-12-2022,173,157,34,19,6,6
15-12-2022,170,151,36,19,6,6
16-12-2022,172,178,43,18,6,7
17-12-2022,183,175,34,17,4,6
18-12-2022,195,273,36,19,5,10
19-12-2022,217,284,37,20,5,8
20-12-2022,218,268,32,20,6,9
21-12-2022,219,177,29,20,6,9
22-12-2022,195,155,35,20,7,9
23-12-2022,182,200,35,22,11,10
24-12-2022,194,279,37,23,10,10
25-12-2022,236,193,35,19,9,6
26-12-2022,201,196,30,20,5,8
27-12-2022,197,155,33,17,6,5
28-12-2022,183,195,40,21,6,9
29-12-2022,193,240,42,22,10,9
30-12-2022,216,277,45,21,7,8
31-12-2022,232,218,26,18,7,8
01-01-2023,217,228,25,15,3,7
01-07-2022,91,66,16,24,1,5
02-07-2022,127,52,8,24,2,5
03-07-2022,95,51,18,24,2,4
04-07-2022,77,32,7,24,2,4
05-07-2022,61,27,6,24,2,2
06-07-2022,49,39,11,24,2,4
07-07-2022,58,40,4,24,3, 
08-07-2022,72, , , , , 
10-07-2022,60,34,4,24,3,2
11-07-2022,55,41,5,24,2, 
12-07-2022,41, , , , , 
14-07-2022,42,34,10,24,1,2
15-07-2022,43,33,6,24, ,2
16-07-2022,46,37,6,24, ,2
17-07-2022,47,41,5,24,2,2
18-07-2022,62,39,7,24,3,2
19-07-2022,48,58,9,24,2,4
20-07-2022,70,60,10,24,3,3
21-07-2022,79, , , , , 
23-07-2022,46,45,5,24,2, 
24-07-2022,53,91,8,23,3,5
25-07-2022,76,59,5,24,3,8
26-07-2022,60,58,7,24,3,7
27-07-2022,62,87,10,23,2,7
28-07-2022,117,90,14,24,3,8
29-07-2022,120,89,8,24,2,8
30-07-2022,141,85,7,24,1,8
31-07-2022,123,89,9,24,2,8
01-08-2022,120,104,8,24,2,6
02-08-2022,144,89,9,24,2,5
03-08-2022,132,66,6,24,2,5
04-08-2022,96,66,7,24,2,4
05-08-2022,97,56,6,24,2,5
06-08-2022,73,44,6,24,2,5
07-08-2022,62,45,6,24,2,4
08-08-2022,56,32,10,24,2,4
09-08-2022,43,27,6,24,3,4
10-08-2022,39,22,7,24,2,3
11-08-2022,35,47,11,19,3,5
12-08-2022,66,64,20,12,2,5
13-08-2022,94,29,21,11,3,3
14-08-2022,43,70,26,10,2,4
15-08-2022,49,60,18,9,3,7
16-08-2022,80,79,16,8,2,6
17-08-2022,113,77,15,7,2,5
18-08-2022,111,49,16,6,3,5
19-08-2022,70,38,14,7,3,4
20-08-2022,59,60,12,7,2,6
21-08-2022,85,47,17,6,2,5
22-08-2022,67,57,11,8,2,7
23-08-2022,78,62,11,8,3,6
24-08-2022,84,65,14,7,1,6
25-08-2022,90,82,15,8,3,6
26-08-2022,114,93,18,7,2,7
27-08-2022,139,70,15,7,3,5
28-08-2022,98,56,14,7,2,6
29-08-2022,75,56,12,7,3,5
30-08-2022,70,58,12,8,2,7
31-08-2022,77,58,11,8,2,6
01-09-2022,81,84,15,9,2,8
02-09-2022,124,85,33,9,3,7
03-09-2022,116,72,28,8,2,5
04-09-2022,109,79,45,8,2,6
05-09-2022,115,110,22,9,2,13
06-09-2022,149,80,16,9,3,6
07-09-2022,129,65,24,8,2,4
08-09-2022,96,60,23,8,3,4
09-09-2022,94,57,20,9,2,5
10-09-2022,85,40,30,8,2,4
11-09-2022,59,38,22,8,2,6
12-09-2022,60,52,19,8,2,5
13-09-2022,75,63,25,8,2,5
14-09-2022,87,70,21,8,2,7
15-09-2022,103,51,18,8,2,6
16-09-2022,67,60,14,7,2,5
17-09-2022,81,75,15,8,3,6
18-09-2022,119,78,11,9,2,7
19-09-2022,110,36,9,8,3,5
20-09-2022,55,51,13,6,3,3
21-09-2022,75,65,22,5,3,5
22-09-2022,109,55,11,6,3,5
23-09-2022,103,62,12,6,2,3
24-09-2022,119,78,12,6,2,6
25-09-2022,147,88,15,7,2,6
26-09-2022,150,99,16,7,1,9
27-09-2022,153,95,15,8,2,5
28-09-2022,146,92,25,8,2,7
29-09-2022,138,87,19,10,2,7
30-09-2022,145,94,18,11,2,6
01-04-2022,113,68,41,18,9,4
02-04-2022,121,61,15,18,2,4
03-04-2022,104,58,36,18,3,5
04-04-2022,101,56,38,18,2,4
05-04-2022,91,73,56,18,3,4
06-04-2022,116,75,63,18,5,3
07-04-2022,119,72,57,18,4,5
08-04-2022,116,73,65,18,6,5
09-04-2022,113,73,49,18,4,6
10-04-2022,114,88,40,18,4,9
11-04-2022,142,82,31,18,3,7
12-04-2022,139,67,34,18,3,7
13-04-2022,106,87,63,18,7,9
14-04-2022,122,104,69,18,8,6
15-04-2022,155,96,60,19,6,5
16-04-2022,146,87,90,19,6,6
17-04-2022,133,80,60,19,4,7
18-04-2022,132,82,45,19,4,4
19-04-2022,135,64,36,19,4,4
20-04-2022,91,70,33,19,6,6
21-04-2022,100,72,61,19,4,7
22-04-2022,107,82,53,18,19,6
23-04-2022,120,112,76,19,12,7
24-04-2022,156,115,77,19,9,10
25-04-2022,163,107,66,19,8,8
26-04-2022,157,102,58,15,4,6
27-04-2022,145,81,35,16,4,6
28-04-2022,129,84,56,17,4,7
29-04-2022,135,74,39,18,6,5
30-04-2022,110,68,28,20,15,6
01-05-2022,107,49,50,22,6,5
02-05-2022,88,48,31,22,2,4
03-05-2022,85,52,35,22,4,5
04-05-2022,84,65,33,23,3,5
05-05-2022,115,68,67,24,3,6
06-05-2022,118,66,45,24,4,6
07-05-2022,117,65,40,24,3,5
08-05-2022,111,39,19,24,3,4
09-05-2022,71,43,14,24,3,6
10-05-2022,81,44,18,24,2,5
11-05-2022,88,52,23,24,2,4
12-05-2022,89,57,34,24,2,5
13-05-2022,88,56,47,24,2,5
14-05-2022,83,47,31,24,2,6
15-05-2022,66,58,28,24,2,6
16-05-2022,78,51,29,24,2,7
17-05-2022,80,49,23,24,2,6
18-05-2022,75,52,26,24,2,6
19-05-2022,80,68,23,24,2,5
20-05-2022,108,58,21,24,3,6
21-05-2022,86,67,33,24,2,4
22-05-2022,105,78,40,24,4,8
23-05-2022,129,86,55,25,6,4
24-05-2022,136,68,33,24,5,5
25-05-2022,121,74,45,25,5,5
26-05-2022,122,78,45,25,5,4
27-05-2022,126,89,55,25,5,2
28-05-2022,150,75,28,24,5,2
29-05-2022,139,85,40,25,4,8
30-05-2022,146,74,34,25,3,3
31-05-2022,121,93,29,25,5,8
01-06-2022,143,74,23,25,5,7
02-06-2022,135,80,31,25,4,6
03-06-2022,128,64,29,24,4,3
04-06-2022,88,58,32,24,4,2
05-06-2022,91,60,28,24,4,5
06-06-2022,96,56,34,24,4,5
07-06-2022,85,65,23,24,4,5
08-06-2022,109,62,19,24,4,6
09-06-2022,89,56,30,24,4,5
10-06-2022,75,55,25,25,4,6
11-06-2022,84,65,35,24,4,5
12-06-2022,92,71,30,24,4,5
13-06-2022,110,60,26,24,4,3
14-06-2022,166,43,16,24,4,7
15-06-2022,70,43,20,24,4,5
16-06-2022,79,34,16,24,4,5
17-06-2022,65,38,18,24,4,8
18-06-2022,78,39,14,24,4,5
19-06-2022,67,42,29,24,3,6
20-06-2022,66,52,41,24,2,5
21-06-2022,87,65,39,24,1,6
22-06-2022,128,34,35,24,2,4
23-06-2022,61,46,33,24,2,5
24-06-2022,76,59,15,24,1,5
25-06-2022,88,40,16,24,2,3
26-06-2022,73,22,16,24,2,4
27-06-2022,43,25,15,24,2,3
28-06-2022,38,31,14,24,2,4
29-06-2022,48,51,20,24,2,5
30-06-2022,81,50,17,24,2,4
03-01-2022,126,85,49,11,3,7
04-01-2022,160,117,61,17,5,10
05-01-2022,178,110,44,19,8,9
06-01-2022,183,88,38,12,12,6
07-01-2022,156,103,45,17,6,10
08-01-2022,169,96,37,18,7,9
09-01-2022,166,85,41,12,7,7
10-01-2022,152,103,31,11,6,9
11-01-2022,169,66,21,10,4,7
12-01-2022,131,68,36,13,4,8
13-01-2022,125,79,27,13,6,6
14-01-2022,148,74,45,11,4,4
15-01-2022,148,77,45,9,3,4
16-01-2022,155,87,57,9,4,7
17-01-2022,160,83,41,9,3,6
18-01-2022,155,90,39,10,3,6
19-01-2022,161,115,57,16,7,10
20-01-2022,174,140,38,22,12,10
21-01-2022,190,135,56,15,7,10
22-01-2022,193,89,14,12,3,9
23-01-2022,170,83,26,14,4,10
24-01-2022,161,100,31,14,5,7
25-01-2022,169,89,32,9,3,6
26-01-2022,158,77,52,10,4,5
27-01-2022,141,84,49,11,4,5
28-01-2022,148,88,52,12,3,6
29-01-2022,154,95,66,18,20,10
30-01-2022,158,127,64,18,9,8
31-01-2022,172,110,50,19,7,11
01-02-2022,153,118,61,13,8,7
02-02-2022,168,111,45,2,9,8
03-02-2022,169,52,34,2,7,6
04-02-2022,92,58,46,2,3,4
05-02-2022,96,68,47,2,5,6
06-02-2022,125,85,61,3,8,10
07-02-2022,134,85,39,5,6,6
08-02-2022,149,103,47,6,8,5
09-02-2022,155,86,23,6,12,8
10-02-2022,156,84,35,6,4,6
11-02-2022,148,88,46,6,4,7
12-02-2022,155, , , , , 
22-02-2022,132,105,59,7,6,9
23-02-2022,161,126,42,7,5,6
24-02-2022,175,48,17,5,25,4
25-02-2022,89,86,44,3,19,6
26-02-2022,145,96,36,4,9,5
27-02-2022,154,81,43,4,3,9
28-02-2022,140,99,52,4,4,5
01-03-2022,150,94,71,6,5,7
02-03-2022,150,94,81,7,4,7
03-03-2022,154,82,80,7,7,7
04-03-2022,141,90,65,7,4,7
05-03-2022,144,88,70,7,3,6
06-03-2022,147,71,46,7,3,6
07-03-2022,131,78,43,7,3,5
08-03-2022,135,83,40,6,4,9
09-03-2022,142,95,39,7,3,6
10-03-2022,154,81,41,6,5,7
11-03-2022,133,108,56,7,5,5
12-03-2022,143,93,67,6,5,6
13-03-2022,146,96,61,6,3,9
14-03-2022,147,109,107,7,14,10
15-03-2022,157,126,85,9,7,9
16-03-2022,172,96,53,19,6,6
17-03-2022,153,77,69,15,6,6
18-03-2022,128,81,80,14,9,8
19-03-2022,138,90,90,15,9,5
20-03-2022,148,94,63,15,10,8
21-03-2022,144,88,69,15,13,9
22-03-2022,133,93,68,16,5,8
23-03-2022,141,133,88,15,24,10
24-03-2022,170,119,68,15,19,10
25-03-2022,159,113,69,17,4,8
26-03-2022,163,124,76,17,6,9
27-03-2022,170,128,92,16,17,7
28-03-2022,166,110,60,17,5,10
29-03-2022,164,96,43,17,23,6
30-03-2022,150,120,34,18,7,7
31-03-2022,141,70,43,17,12,4
01-10-2021,46,21,10,4,2,4
02-10-2021,50,27,7,4,2,3
03-10-2021,59,36,15,9,2,8
04-10-2021,85,57,14,7,2,4
05-10-2021,120,68,25,8,2,7
06-10-2021,132,69,22,9,2,5
07-10-2021,134,65,20,10,6,4
08-10-2021,123,66,28,10,2,6
09-10-2021,112,82,38,12,3,4
10-10-2021,141,87,37,12,3,5
11-10-2021,154,83,35,11,3,5
12-10-2021,152,73,33,10,2,4
13-10-2021,132,52,23,9,3,5
14-10-2021,97,64,24,10,2,6
15-10-2021,125,32,30,7,2,3
16-10-2021,68,27,16,6,2,4
17-10-2021,61,17,23,5,3,3
18-10-2021,33,28,15,3,2,2
19-10-2021,58,47,19,9,3,4
20-10-2021,74,70,52,11,6,7
21-10-2021,115,98,53,15,4,7
22-10-2021,156,105,46,18,5,5
23-10-2021,159,94,48,12,3,5
24-10-2021,159,98,39,13,4,7
25-10-2021,166,92,41,13,3,4
26-10-2021,156,75,42,9,3,4
27-10-2021,142,69,50,8,3,2
28-10-2021,124,67,42,10,3,4
29-10-2021,118,76,59,11,4,3
30-10-2021,146,90,59,15,5,5
31-10-2021,160,101,56,20,5,9
01-11-2021,169,97,60,19,5,8
02-11-2021,170,103,59,19,6,8
03-11-2021,176,103,66,13,6,6
04-11-2021,176,95,54,14,4,7
05-11-2021,144,87,63,14,4,7
06-11-2021,144,90,67,15,4,7
07-11-2021,148,91,61,15,5,10
08-11-2021,144,93,51,15,4,6
09-11-2021,148,83,48,14,3,7
10-11-2021,134,77,72,14,4,8
11-11-2021,127,71,59,11,7,5
12-11-2021,114,63,24,13,6,7
13-11-2021,97,75,33,11,12,6
14-11-2021,120,87,43,11,6,10
15-11-2021,147,88,49,16,4,9
16-11-2021,143,95,57,17,4,7
17-11-2021,149,89,61,16,5,7
18-11-2021,155,102,66,19,6,8
19-11-2021,161,114,78,17,8,8
20-11-2021,171,132,84,18,6,11
21-11-2021,180,120,75,19,8,10
22-11-2021,176,106,78,18,4,6
23-11-2021,164,108,73,21,5,9
24-11-2021,164,110,72,19,5,9
25-11-2021,166,102,79,19,5,10
26-11-2021,161,101,59,15,4,6
27-11-2021,162,94,58,14,8,7
28-11-2021,157,94,69,15,9,9
29-11-2021,156,108,69,15,4,7
30-11-2021,169,81,53,15,8,6
01-12-2021,136,87,47,20,8,8
02-12-2021,143,104,35,22,6,9
03-12-2021,164,99,20,17,4,8
04-12-2021,161,99,30,15,8,6
05-12-2021,153,63,41,14,10,9
06-12-2021,140,80,37,15,12,4
07-12-2021,125,72,53,10,20,4
08-12-2021,116,88,52,18,12,10
09-12-2021,142,112,43,20,10,7
10-12-2021,163,104,62,14,4,7
11-12-2021,162,100,70,14,5,7
12-12-2021,159,107,75,15,6,8
13-12-2021,164,118,71,16,8,8
14-12-2021,169,127,72,16,5,8
15-12-2021,179,99,55,13,4,5
16-12-2021,152,97,53,17,18,6
17-12-2021,159,108,56,14,5,9
18-12-2021,171,87,57,10,4,3
19-12-2021,140,106,77,17,7,8
20-12-2021,162,99,49,16,4,9
21-12-2021,162,103,30,15,7,7
22-12-2021,166,124,63,18,8,11
23-12-2021,179,169,46,26,12,13
24-12-2021,203,172,38,23,7,17
25-12-2021,211,133,35,21,6,11
26-12-2021,190,109,36,15,17,9
27-12-2021,168,119,33,14,13,5
28-12-2021,170,99,21,12,22,8
29-12-2021,161,75,29,13,6,6
30-12-2021,135,95,22,14,8,9
31-12-2021,165,80,31,11,5,6
01-01-2022,155,57,32,7,3,5
02-01-2022,109,59,40,9,3,7
01-07-2021,80,45,28,8,4,6
02-07-2021,90,51,15,8,2,4
03-07-2021,92,52,20,8,2,4
04-07-2021,61,51,14,7,2,4
05-07-2021,61,61,21,9,3,6
06-07-2021,81,58,16,7,2,5
07-07-2021,96,58,25,8,18,7
08-07-2021,95,60,14,9,2,4
09-07-2021,85,64,16,7,2,4
10-07-2021,89,40,12,6,16,3
11-07-2021,80,41,31,6,4,5
12-07-2021,74,43,12,6,2,4
13-07-2021,64,32,29,8,3,4
14-07-2021,58,27,12,6,2,3
15-07-2021,49,29,23,7,2,4
16-07-2021,61,30,14,7,2,4
17-07-2021,57,38,14,7,2,4
18-07-2021,75,50,14,8,2,6
19-07-2021,99,47,12,7,2,5
20-07-2021,94,56,9,7,2,5
21-07-2021,119, , , , , 
29-07-2021,46,24,155, ,2, 
30-07-2021,51,26,13,3,8,2
31-07-2021,53,40,18,6,7,4
01-08-2021,66,50,32,7,9,6
02-08-2021,91,49,17,6,9,3
03-08-2021,99,39,12,6,2,5
04-08-2021,81,50,14,7,2,5
05-08-2021,95,61,25,10,2,10
06-08-2021,127,47,18,6,13,4
07-08-2021,98,27,14,5,2,4
08-08-2021,64,47,30,6,3,5
09-08-2021,97,46,17,6,2,4
10-08-2021,94,52,18,6,2,4
11-08-2021,97,43,18,6,8,3
12-08-2021,82,58,15,7,2,6
13-08-2021,112,55,26,6,2,3
14-08-2021,115,55,19,6,18,3
15-08-2021,106,60,27,7,7,5
16-08-2021,119,43,13,6,2,4
17-08-2021,78,32,11,5,2,3
18-08-2021,66,25,21,3,24,2
19-08-2021,63,26,31,3,2,2
20-08-2021,55,21,25,3,4,4
21-08-2021,49,31,22,5,2,4
22-08-2021,57,41,23,7,2,6
23-08-2021,83,47,16,9,2,5
24-08-2021,88,53,22,6,2,5
25-08-2021,102,59,15,6,12,5
26-08-2021,112,51,40,6,4,5
27-08-2021,95,33,15,5,2,4
28-08-2021,59,34,13,6,2,4
29-08-2021,65,42,20,6,3,4
30-08-2021,75,33,19,7,1,3
31-08-2021,59,20,18,4,2,3
01-09-2021,56,44,19,9,2,6
02-09-2021,107,55,42,9,4,6
03-09-2021,270,55,19,8,2,7
04-09-2021,544,54,24,6,2,4
05-09-2021,102,38,37,7,4,4
06-09-2021,82,25,17,5,7,4
07-09-2021,51,24,36,5,4,4
08-09-2021,60,29,20,5,2,4
09-09-2021,65,42,44,7,3,5
10-09-2021,82,26,20,6,2,4
11-09-2021,57,28,22,5,2,3
12-09-2021,63,21,36,4,4,3
13-09-2021,40,15,19,6,2,2
14-09-2021,35,22,31,4,3,3
15-09-2021,45,39,20,6,2,4
16-09-2021,78,46,34,7,3,5
17-09-2021,81,58,21,6,2,5
18-09-2021,99,50,20,6,8,5
19-09-2021,106,37,36,6,3,4
20-09-2021,69,27,19,5,2,3
21-09-2021,53,32,27,6,2,5
22-09-2021,64,50,21,7,2,5
23-09-2021,88,51,17,8,2,6
24-09-2021,90,63,28,9,2,6
25-09-2021,118,55,23,10,2,6
26-09-2021,106,44,26,8,3,6
27-09-2021,79,32,34,6,5,5
28-09-2021,63,13,18,5,3,4
29-09-2021,36,21,26,6,8,2
30-09-2021,72,23,15,4,2,4
01-04-2021,161,118,43,15,3,7
02-04-2021,159,99,35,12,3,5
03-04-2021,149,129,40,14,3,6
04-04-2021,163,88,48,9,3,6
05-04-2021,144,91,32,10,4,5
06-04-2021,138,80,32,8,4,4
07-04-2021,130,82,31,9,3,4
08-04-2021,123,88,24,13,3,4
09-04-2021,140,75,35,12,3,5
10-04-2021,132,81,32,10,3,4
11-04-2021,125,83,42,14,2,6
12-04-2021,128,83,38,12,2,5
13-04-2021,140,87,42,12,2,6
14-04-2021,137,103,33,12,2,6
15-04-2021,152,90,34,12,2,6
16-04-2021,140,78,28,9,2,4
17-04-2021,135,67,29,10,5,3
18-04-2021,112,81,26,16,3,5
19-04-2021,115,93,32,14,3,6
20-04-2021,141,67,37,9,3,5
21-04-2021,107,74,25,11,3,4
22-04-2021,131,88,42,12,3,6
23-04-2021,150,85,30,11,4,4
24-04-2021,139,93,40,13,4,5
25-04-2021,148,104,35,13,4,5
26-04-2021,153,95,44,17,4,8
27-04-2021,134,80,30,12,3,4
28-04-2021,134,71,35,9,4,4
29-04-2021,113,67,21,11,5,3
30-04-2021,119,55,28,10,5,4
01-05-2021,101,77,17,11,4,4
02-05-2021,146,64,36,8,3,5
03-05-2021,126,67,25,11,3,4
04-05-2021,135,66,25,9,3,4
05-05-2021,129,44,17,9,3,3
06-05-2021,84,39,33,8,3,4
07-05-2021,78,49,24,9,4,4
08-05-2021,91,55,18,10,4,4
09-05-2021,105,57,45,8,3,5
10-05-2021,114,43,18,8,3,3
11-05-2021,86,37,18,8,4,4
12-05-2021,73,65,24,10,4,5
13-05-2021,126,62,39,9,4,5
14-05-2021,118,61,24,9,4,4
15-05-2021,106,62,24,9,7,3
16-05-2021,118,55,25,10,4,4
17-05-2021,105,63,26,9,4,4
18-05-2021,130,60,22,10,4,5
19-05-2021,114,32,32,8,6,4
20-05-2021,64,55,22,9,2,4
21-05-2021,95,55,24,9,2,5
22-05-2021,110,53,23,9,2,3
23-05-2021,107,64,22,10,2,5
24-05-2021,125,37,12,8,2,4
25-05-2021,76,26,27,6,6,2
26-05-2021,57,25,16,6,2,3
27-05-2021,57,41,11,5,2,3
28-05-2021,73,56,10,6,2,3
29-05-2021,93,52,10,8,2,4
30-05-2021,88,54,15,8,2,5
31-05-2021,96,67,10,9,3,3
01-06-2021,119,44,27,7,2,4
02-06-2021,79,61,24,10,2,3
03-06-2021,122,63,21,10,2,4
04-06-2021,119,63,33,10,5,3
05-06-2021,108,57,24,9,2,3
06-06-2021,101,62,35,13,2,8
07-06-2021,97,57,27,10,2,4
08-06-2021,96,44,25,9,2,5
09-06-2021,85,62,21,10,2,4
10-06-2021,114,53,27,9,2,5
11-06-2021,97,31,13,8,5,3
12-06-2021,66,38,12,8,2,4
13-06-2021,67,38,12,8,2,4
14-06-2021,75,43,13,7,2,4
15-06-2021,86,34,12,8,2,5
16-06-2021,75,36,15,7,2,3
17-06-2021,68,28,15,5,2,3
18-06-2021,10,36,15,7,2,3
19-06-2021,88,41,15,7,2,4
20-06-2021,55,41,32,7,2,4
21-06-2021,92,49,14,8,3,3
22-06-2021,65,49,18,6,2,4
23-06-2021,83,49,16,5,2,3
24-06-2021,65,48,24,6,3,4
25-06-2021,69,52,14,5,17,4
26-06-2021,65,37,13,5,2,4
27-06-2021,60,45,36,7,4,5
28-06-2021,85,48,16,7,2,4
29-06-2021,66,54,17,8,2,6
30-06-2021,86,51,16,8,2,4
04-01-2021,221,195,21,22,4,10
05-01-2021,227,149,37,24,3,8
06-01-2021,199,127,18,21,5,6
07-01-2021,182,108,26,19,3,6
08-01-2021,167,132,17,21,4,6
09-01-2021,183,129,19,17,1,7
10-01-2021,182,107,35,16,2,5
11-01-2021,162,102,23,14,1,4
12-01-2021,165,112,27,14,3,5
13-01-2021,170,108,36,18,5,7
14-01-2021,167,136,23,15,2,6
15-01-2021,197,138,21,13,2,5
16-01-2021,194,128,24,13,2,5
17-01-2021,185,158,47,19,6,8
18-01-2021,196,160,25,18,2,8
19-01-2021,211,147,31,18,4,7
20-01-2021,205,122,23,15,3,5
21-01-2021,173,124,33,15,4,7
22-01-2021,181,155,30,15,2,7
23-01-2021,193,134,25,13,2,5
24-01-2021,190,121,34,14,4,6
25-01-2021,175,101,20,12,2,5
26-01-2021,167,104,35,12,5,5
27-01-2021,166,101,21,18,2,6
28-01-2021,165,146,17,18,5,8
29-01-2021,200,120,29,13,4,7
30-01-2021,179,105,22,12,2,5
31-01-2021,172,104,23,17,2,6
01-02-2021,168,110,40,16,5,8
02-02-2021,165,133,27,24,2,6
03-02-2021,189,133,37,17,4,7
04-02-2021,195,156,26,19,2,9
05-02-2021,211,125,40,18,5,6
06-02-2021,176,75,18,13,1,4
07-02-2021,119,90,35,13,4,4
08-02-2021,150,114,26,18,2,7
09-02-2021,169,134,30,25,7,11
10-02-2021,181,110,25,18,8,4
11-02-2021,167,126,41,18,9,7
12-02-2021,171,113,25,15,9,7
13-02-2021,172,116,25, ,13,7
15-02-2021,137,123,31,15,3,8
16-02-2021,173,98,39,14,3,7
17-02-2021,153,108,28,18,4,6
18-02-2021,156,135,34,16,4,7
19-02-2021,174,118,21,17,5,7
20-02-2021,165,118,23,15,6,6
21-02-2021,165,107,37,17,6,8
22-02-2021,152,136,30,21,6,7
23-02-2021,176,126,53,18,6,8
24-02-2021,165,108,26,18,6,6
25-02-2021,156,113,27,15,8,6
26-02-2021,153,102,21,16,3,5
27-02-2021,144,108,25,14,3,5
28-02-2021,152,139,36,17,3,9
01-03-2021,153,128,30,15,3,6
02-03-2021,157,104,47,18,3,6
03-03-2021,144,138,36,20,4,7
04-03-2021,156,121,37,20,4,7
05-03-2021,164,112,25,19,4,5
06-03-2021,159,116,32,15,5,6
07-03-2021,163,133,30,11,4,6
08-03-2021,169,127,24,13,4,6
09-03-2021,164,130,26,13,2,5
10-03-2021,172,117,25,15,3,5
11-03-2021,167,104,33,14,3,6
12-03-2021,155,75,10,14,3,7
13-03-2021,143,90,29,16,4,9
14-03-2021,156,99,40,19,4,9
15-03-2021,145,114,26,19,2,6
16-03-2021,155,147,36,17,2,7
17-03-2021,164,164,30,20,1,6
18-03-2021,170,138,27,17,1,5
19-03-2021,165,154,27,21,1,7
20-03-2021,171,128,30,17,2,5
21-03-2021,169,118,30,18,2,6
22-03-2021,157,125,45,17,2,7
23-03-2021,158,117,34,16,3,5
24-03-2021,156,111,29,15,3,5
25-03-2021,145,123,34,16,2,6
26-03-2021,156,115,43,15,2,6
27-03-2021,158,143,35,14,2,7
28-03-2021,168,108,34,13,3,6
29-03-2021,162,137,32,15,3,6
30-03-2021,171,198,29,16,3,5
31-03-2021,177,130,38,20,3,7
01-10-2020,107,39,10, ,1,3
02-10-2020,75,50,28,9,1,4
03-10-2020,87,56,9,7,1,3
04-10-2020,106,59,10,7,1,4
05-10-2020,115,20,32,8,3,3
06-10-2020,54,44,8,8,1,3
07-10-2020,89,62,25,11,3,5
08-10-2020,120,71,9,11,1,4
09-10-2020,133,68,9,11,1,4
10-10-2020,130,75,15,11,1,4
11-10-2020,140,81,45,12,3,5
12-10-2020,139,78,15,11,1,4
13-10-2020,136,78,11,12,1,4
14-10-2020,141,68,32,11,2,4
15-10-2020,119,59,25,12,3,4
16-10-2020,88,76,13,11,1,4
17-10-2020,144,83,13,12,1,4
18-10-2020,149,87,43,11,3,4
19-10-2020,149,97,20,10,1,4
20-10-2020,161,92,46,10,4,6
21-10-2020,157,32,8,8,2,2
22-10-2020,60,29,7,8,1,2
23-10-2020,53,49,9,10,1,3
24-10-2020,84,74,19,12,2,5
25-10-2020,126,88,19,13,3,6
26-10-2020,153,84,36,13,4,6
27-10-2020,139,95,22,13,2,5
28-10-2020,161,87,17,11,2,4
29-10-2020,148,86,19,9,2,3
30-10-2020,144,81,19,10,2,3
31-10-2020,139,76,20,10,2,3
01-11-2020,135,90,35,11,3,5
02-11-2020,153,125,20,13,2,5
03-11-2020,175,119,15,14,5,7
04-11-2020,167,120,17,16,4,9
05-11-2020,171,131,37,18,5,7
06-11-2020,175,122,18,13,2,6
07-11-2020,175,96,10,12,2,5
08-11-2020,153,71,23,12,3,4
09-11-2020,130,79,21,13,2,5
10-11-2020,136,68,17,12,2,3
11-11-2020,105,64,38,12,3,4
12-11-2020,93,76,19,11,4,3
13-11-2020,103,85,22,11,1,4
14-11-2020,147,111,25,11,5,4
15-11-2020,179,86,22,10,2,4
16-11-2020,155,90,26,11,2,6
17-11-2020,143,98,24,12,2,6
18-11-2020,159,119,28,15,4,6
19-11-2020,174,101,18,11,2,6
20-11-2020,168,99,19,11,1,5
21-11-2020,170,90,25,12,2,4
22-11-2020,153,96,32,15,2,6
23-11-2020,153,102,24,12,1,6
24-11-2020,166,96,24,15,2,5
25-11-2020,164,90,15,5,1,5
26-11-2020,152,82,15,3,1,4
27-11-2020,151,90,21,3,1,4
28-11-2020,159,107,22,8,1,5
29-11-2020,154,94,44,12,3,6
30-11-2020,152,105,26,17,2,6
01-12-2020,166,126,36,18,1,8
02-12-2020,175,148,29,17,2,8
03-12-2020,194,155,32,22,3,9
04-12-2020,208,200,26,20,2,11
05-12-2020,239,200,24,18,2,11
06-12-2020,242,207,42,20,2,10
07-12-2020,247,163,20,17,2,10
08-12-2020,211,145,26,18,2,9
09-12-2020,199,147,22,16,2,9
10-12-2020,201,141,26,16,2,7
11-12-2020,189,132,18,14,2,8
12-12-2020,188,143,18,14,2,8
13-12-2020,194,96,35,15,2,5
14-12-2020,162,98,19,13,2,5
15-12-2020,161,92,42,13,1,5
16-12-2020,158,103,19,12,2,5
17-12-2020,167,99,40,13,2,5
18-12-2020,162,101,24,13,2,5
19-12-2020,166,109,25,11,2,5
20-12-2020,171,136,27,14,2,7
21-12-2020,188,143,22,14,2,8
22-12-2020,191,129,21,16,3,7
23-12-2020,189,134,33,18,2,7
24-12-2020,184,124,22,13,2,6
25-12-2020,183,122,23,11,2,6
26-12-2020,182,127,24,13,3,8
27-12-2020,182,171,51,18,4,9
28-12-2020,199,136,22,18,3,8
29-12-2020,191,136,21,18,3,7
30-12-2020,186,125,37,14,2,5
31-12-2020,180,110,24,11,2,4
01-01-2021,173,149,22,19,2,8
02-01-2021,190,128,27,17,4,8
03-01-2021,187,188,28,22,4,10
01-07-2020,73,47,4,3,1,4
02-07-2020,84,44,27,3,2,3
03-07-2020,91,31,3,3,1,2
04-07-2020,60,26,29,3,4,2
05-07-2020,50,29,34,3,3,3
06-07-2020,57,34,2,3,3,3
07-07-2020,64,45,36,3,4,4
08-07-2020,88,38,3,3,1,6
09-07-2020,71,41,32,3,3,3
10-07-2020,71,35,3,2, ,3
11-07-2020,69,50,3,3, ,4
12-07-2020,86,38,34,3,2,5
13-07-2020,69,58,4,3, ,4
14-07-2020,110,30,29,3,2,3
15-07-2020,62,23,5,3,1,2
16-07-2020,46,16,29,3,2,3
17-07-2020,33,32,4,3,1,3
18-07-2020,60,34,2,3,1,3
19-07-2020,65,37,39,3,2,4
20-07-2020,67,34,30,2,5,3
21-07-2020,60,40,33,2,2,5
22-07-2020,71,41,6,3,1,3
23-07-2020,77,33,25,2,2,4
24-07-2020,72,48,6,2,1,3
25-07-2020,95,51,137,2,1,3
26-07-2020,102,51,37,2,2,4
27-07-2020,102,53,11,3, ,3
28-07-2020,96,31,10,3,1,2
29-07-2020,65,30,55,3,3,3
30-07-2020,53,38,7,2, ,2
31-07-2020,72,51,42, ,2,4
01-08-2020,102,58,11,1,1,3
02-08-2020,120,56,52, ,2,3
03-08-2020,115,52,8, ,3,2
04-08-2020,97, , , , , 
06-08-2020,77,27,11,3,1,2
07-08-2020,55,36,12,3,1,3
08-08-2020,66,43,10,3,1,2
09-08-2020,82,29,66,3,2,3
10-08-2020,57,30,9,4,1,2
11-08-2020,60,32,65,3,2,3
12-08-2020,71,43,11,3,6,2
13-08-2020,74,20,57,3,1,3
14-08-2020,56,18,9,4,1,1
15-08-2020,42,30,9,3,2,2
16-08-2020,61,43,45,3,2,3
17-08-2020,77,54,11,3,1,3
18-08-2020,94,25,45,3,2,2
19-08-2020,49,14,7,4,1,2
20-08-2020,30,19,6,4,1,2
21-08-2020,42,32,49,4,2,4
22-08-2020,65,44,7,4,1,3
23-08-2020,87,44,48,4,2,4
24-08-2020,87,51,8,4, ,2
25-08-2020,93,24,44,3,2,3
26-08-2020,56,23,7,4,1,2
27-08-2020,45,25,49,4,2,3
28-08-2020,58,28,12,4,1,2
29-08-2020,52,37,14,4,2,3
30-08-2020,64,60,3,6,1,4
31-08-2020,82, , , , , 
03-09-2020,80,44,7,6,3,4
04-09-2020,75,43,11,6, ,3
05-09-2020,87,55,11,5,1,3
06-09-2020,94,51,13,5,1,3
07-09-2020,92,43,58,4,2,3
08-09-2020,86,50,15,5, ,4
09-09-2020,96,56,69,5,2,4
10-09-2020,103,56,12,5, ,3
11-09-2020,109,34,7,6, ,2
12-09-2020,63,22,8,6, ,2
13-09-2020,43,26,37,4,3,2
14-09-2020,43,36,9,5,1,2
15-09-2020,45,37,9,7,1,2
16-09-2020,49,43,21, ,3,3
17-09-2020,75,41,10,6,4,2
18-09-2020,70,43,31,9,2,5
19-09-2020,79,61,6,7,1,3
20-09-2020,115,37,31,7,2,3
21-09-2020,65,30,10,7,1,2
22-09-2020,57,24,10,7,3,1
23-09-2020,47,35,45,8,3,3
24-09-2020,62,35,13,7,1,2
25-09-2020,70,39,7,7,1,3
26-09-2020,81,43,7, , ,3
27-09-2020,83,36,28, ,2,4
28-09-2020,72,58,10, ,1,4
29-09-2020,110,62,28, ,1,3
30-09-2020,113,59,9, , ,3
01-04-2020,116,75,17,10,9,4
02-04-2020,122,68,15,7,5,3
03-04-2020,101,68,18,8,8,4
04-04-2020,101,68,17,6,6,4
05-04-2020,102,75,15,7,9,5
06-04-2020,109,83,14,8,11,6
07-04-2020,116,62,14,5,8,3
08-04-2020,100,50,14,8,6,4
09-04-2020,83,60,16,10,8,6
10-04-2020,92,59,22,11,5,8
11-04-2020,89,69,15,9,5,8
12-04-2020,100,66,7,17,3,8
13-04-2020,95,64,56,30,9,2
14-04-2020,103,59,10,3,5,2
15-04-2020,86,62,14,3,5,2
16-04-2020,86, , , , , 
24-04-2020,70,34,8,3,6,2
25-04-2020,65,46,9,3,5,2
26-04-2020,86,37,8,2,3,2
27-04-2020,71,32,9,2,3,2
28-04-2020,57,46,11,2,3,2
29-04-2020,86,58,11,2,3,2
30-04-2020,102,49,10,5,8,2
01-05-2020,97,38,8,5,10,3
02-05-2020,107,47,11,3,3,3
03-05-2020,90,62,25,3,4,5
04-05-2020,119,43,9,3,4,3
05-05-2020,79,30,14,3,6,3
06-05-2020,48,42,10,11,19,2
07-05-2020,82,41,11,6,3,3
08-05-2020,82,61,11,5,1,3
09-05-2020,117,69,9,5,1,4
10-05-2020,141,52,12,6,6,4
11-05-2020,87,59,12,8,2,3
12-05-2020,90,59,10,7,1,5
13-05-2020,98,43,5,7,1,3
14-05-2020,86,67,9,74,5,2
15-05-2020,121,66,15,14,3,5
16-05-2020,104,66,16,10,5,4
17-05-2020,116,53,14,5, ,4
18-05-2020,85,34,32,4,5,4
19-05-2020,64,38,7,1,1,2
20-05-2020,69, , , , , 
22-05-2020,64,65,6,2,1,4
23-05-2020,116,70,34,12,4,3
24-05-2020,120,58,8,2, ,4
25-05-2020,87,55,47,2,2,5
26-05-2020,85,45,6,3,1,4
27-05-2020,68,32,13,3,1,3
28-05-2020,64,53,18,3,1,4
29-05-2020,97,58,5,3,3,3
30-05-2020,99,53,9,4,3,4
31-05-2020,85,44,25,2,3,4
01-06-2020,77,56,15, ,2,5
02-06-2020,93,49,14,2,3,4
03-06-2020,89,69,11,3,5,5
04-06-2020,117,27,40,3,3,4
05-06-2020,55,55,3,2,2,6
06-06-2020,101,72,4,2,2,5
07-06-2020,133,58,27,1,2,4
08-06-2020,113,56,7, , ,4
09-06-2020,108,49,31, ,2,3
10-06-2020,98,47,2, ,5,3
11-06-2020,84, , , , , 
18-06-2020,66,37,6,3,3,3
19-06-2020,66,37,31,6,3,4
20-06-2020,75,33,3,3,1,3
21-06-2020,59,41,29,4,1,5
22-06-2020,75,47,3,5, ,3
23-06-2020,77,41,22,3,2,3
24-06-2020,66,37,4,3, ,2
25-06-2020,63,39,27,3,2,4
26-06-2020,64,50,6,3,1,4
27-06-2020,82,45,5,3,1,4
28-06-2020,76,35,29,3,2,3
29-06-2020,68,52,5,3,1,4
30-06-2020,97,41,24,3,2,3
01-01-2020,181,85,36,19,5,7
02-01-2020,161,58,11,13,7,5
03-01-2020,119,64,32,14,6,7
04-01-2020,125,61,19,15,4,4
05-01-2020,124,85,38,18,6,7
06-01-2020,153,121,27,19,5,9
07-01-2020,183,130,34,22,7,12
08-01-2020,193,107,18,19,6,8
09-01-2020,179,88,35,12,5,3
10-01-2020,156,74,25,12,3,3
11-01-2020,151,78,32,13,3,4
12-01-2020,148,111,42,24,7,10
13-01-2020,170,177,36,32,7,17
14-01-2020,221,131,43,28,8,15
15-01-2020,185,132,34,24,10,8
16-01-2020,191,105,30,18,7,10
17-01-2020,165,127,24,20,6,13
18-01-2020,185,90,17,11,4,8
19-01-2020,163,71,41,15,7,6
20-01-2020,139,112,30,24,7,10
21-01-2020,175,133,371,30,12,13
22-01-2020,194,117,328,19,7,8
23-01-2020,178,96,264,23,9,6
24-01-2020,155,108,19,26,16,6
25-01-2020,170,104,21,19,8, 
26-01-2020,168,106,22,24,8,10
27-01-2020,163,145,15,27,13,11
28-01-2020,193,116,8,19,6,10
29-01-2020,181,121,10,16,10,9
30-01-2020,180,86,34,17,7,5
31-01-2020,145,89,22,18,9,7
01-02-2020,153,81,23,13,8,4
02-02-2020,154,85,33,26,12,9
03-02-2020,127,106,21,26,14,7
04-02-2020,167,101,36,22,10,6
05-02-2020,156,97,25,16,7,4
06-02-2020,157,97,28,10,7,7
07-02-2020,158,127,16,9,12,8
08-02-2020,179,102,24,5,7,4
09-02-2020,163,89,22,6,8,7
10-02-2020,149,98,26,6,8,6
11-02-2020,159,99,18,7,10,7
12-02-2020,156,118,44,8,10,11
13-02-2020,174,127,15,7,11,6
14-02-2020,182,93,34,7,12,6
15-02-2020,147,105,16,4,15,9
16-02-2020,162,109,36,4,12,9
17-02-2020,161,117,20,8,12,7
18-02-2020,174,116,33,8,16,9
19-02-2020,171,129,18,7,11,6
20-02-2020,179,95,32,6,14,8
21-02-2020,148,122,16,6,9,5
22-02-2020,178,94,15,5,11,5
23-02-2020,163,73,29,5,11,5
24-02-2020,132,64,12,3,4,4
25-02-2020,108,70,31,4,10,6
26-02-2020,135,87,13,10,8,5
27-02-2020,158,88,14,17,10,7
28-02-2020,146,117,30,23,13,9
29-02-2020,175,151,16,17,11,4
01-03-2020,205,103,33,22,14,8
02-03-2020,154,98,11,17,9,4
03-03-2020,167,57,15,12,8,4
04-03-2020,186,75,23,18,9,6
05-03-2020,142,62,10,16,5,5
06-03-2020,112,40,24,13,5,7
07-03-2020,82,53,9,12,4,4
08-03-2020,104,69,22,12,8,5
09-03-2020,123,70,38,12,13,4
10-03-2020,117,76,13,18,10,6
11-03-2020,123,84,19,18,5,10
12-03-2020,139,75,16,15,7,4
13-03-2020,123,32,9,8,3,3
14-03-2020,64,57,8,13,4,6
15-03-2020,112,70,35,14,6,4
16-03-2020,124,87,17,29,6,5
17-03-2020,135,83,35,15,8,6
18-03-2020,136,97,20,18,15,5
19-03-2020,142,82,29,15,11,9
20-03-2020,116,100,16,16,15,4
21-03-2020,149,64,15,12,9,4
22-03-2020,101,73,15,12,8,4
23-03-2020,122,72,19,10,6,4
24-03-2020,131,86,17,12,9,4
25-03-2020,152, , , , , 
27-03-2020,77,61,12,6,5,3
28-03-2020,83,51,15,4,5,2
29-03-2020,73,54,16,5,6,2
30-03-2020,71,65,17,6,7,3
31-03-2020,89,74,18,9,10,4
01-10-2019,88,58,13,10,2,3
02-10-2019,118,62,8,8,2,3
03-10-2019,146,47,16,8,3,3
04-10-2019,97,53,13,13,2,5
05-10-2019,121,46,12,14,2,4
06-10-2019,108,41,20,8,3,3
07-10-2019,100,37,11,6,2,3
08-10-2019,89,23,9,5,3,2
09-10-2019,60,38,10,7,3,5
10-10-2019,90,49,16,8,3,5
11-10-2019,111,57,20,8,3,5
12-10-2019,130,61,31,12,3,6
13-10-2019,135,81,31,16,3,5
14-10-2019,156,67,30,14,3,5
15-10-2019,137,79,30,14,3,2
16-10-2019,160,73,21,16,3,4
17-10-2019,153,60,22,7,2,3
18-10-2019,138,73,17,10,3,4
19-10-2019,160,64,27,6,3,2
20-10-2019,150,55,14,9,2,5
21-10-2019,122,78,29,14,4,7
22-10-2019,154,79,18,9,3,4
23-10-2019,160,23,16,4,2,2
24-10-2019,65,10,19,5,2,1
25-10-2019,31,21,7,7,2,4
26-10-2019,58,119,11,13,3,7
27-10-2019,186,65,20,13,3,3
28-10-2019,139,87,17,14,3,4
29-10-2019,167,93,20,18,3,5
30-10-2019,178,99,22,18,2,6
31-10-2019,183,96,20,16,2,5
01-11-2019,175,92,22,16,2,5
02-11-2019,172,104,18,16,3,6
03-11-2019,187,113,18,17,3,8
04-11-2019,192,150,24,17,3,6
05-11-2019,224,125,26,20,4,6
06-11-2019,184,142,33,22,4,7
07-11-2019,184,91,18,14,3,4
08-11-2019,148,56,11,7,3,3
09-11-2019,99,37,12,7,3,3
10-11-2019,72,74,20,13,3,4
11-11-2019,130,118,34,17,5,5
12-11-2019,172,109,34,24,4,7
13-11-2019,171,128,31,20,4,6
14-11-2019,183,110,35,23,7,7
15-11-2019,166,112,29,22,6,7
16-11-2019,172,122,42,22,6,8
17-11-2019,181,153,42,21,8,8
18-11-2019,185,96,28,18,6,4
19-11-2019,158,132,44,29,10,10
20-11-2019,179,151,37,28,5,9
21-11-2019,198,132,32,25,7,5
22-11-2019,184,144,29,20,12,8
23-11-2019,192,144,29,25,10,9
24-11-2019,196,168,31,30,6,12
25-11-2019,211,157,34,19,4,10
26-11-2019,208,153,41,24,6,10
27-11-2019,204,129,28,20,7,7
28-11-2019,183,121,29,24,5,7
29-11-2019,174,122,30,22,6,5
30-11-2019,174,101,25,20,9,5
01-12-2019,162,88,38,19,6,6
02-12-2019,150,108,30,19,5,7
03-12-2019,172,100,24,18,4,5
04-12-2019,163,100,5,15,4,5
05-12-2019,169,88,15,15,6,8
06-12-2019,151,127,7,26,8,9
07-12-2019,177,115,6,23,6,7
08-12-2019,177,101,17,21,7,8
09-12-2019,161,106,9,13,6,6
10-12-2019,168,125,18,16,7,6
11-12-2019,181,117,8,18,3,4
12-12-2019,177,119,9,18,5,5
13-12-2019,175,100,3,17,2,5
14-12-2019,168,85,3,11,1,1
15-12-2019,154,65,11,9,3,5
16-12-2019,126,79,3,5,2,3
17-12-2019,150,66,10,6,1,1
18-12-2019,142,77,6,10, ,3
19-12-2019,155,91,6,14,3,5
20-12-2019,163,148,3,20,16,5
21-12-2019,178,226,4,18,4,15
22-12-2019,262,155,31,19,5,7
23-12-2019,204,136,20,29,4,10
24-12-2019,191,130,19,39,4,11
25-12-2019,188,114,5,41,4,7
26-12-2019,182,91,20,43,3,5
27-12-2019,164,89,26,45,3,5
28-12-2019,163,93,26,46,3,5
29-12-2019,167, , , , , 
01-07-2019,88,21,4,2,1,2
02-07-2019,49,41,5,5,1,2
03-07-2019,88,35,5,5,1,3
04-07-2019,78,44,8,3,1,2
05-07-2019,98,25,3,4,1,2
06-07-2019,63,25,4,3,1,2
07-07-2019,67,33,2,4,1,2
08-07-2019,82,31,2,4,1,3
09-07-2019,72,41,2,7,2,2
10-07-2019,95,39,2,7,1,3
11-07-2019,88,50,4,6,1,2
12-07-2019,99,55,5,8,1,4
13-07-2019,104,63,8,5,1,2
14-07-2019,110,73,11,11,1,5
15-07-2019,132,56,9,10,2,4
16-07-2019,108,60,12,5,2,4
17-07-2019,128,62,7,12,2,4
18-07-2019,142,38,5,14,2,1
19-07-2019,81,22,3,11,2,2
20-07-2019,63,23,4,10,2,1
21-07-2019,63,39,5,11,2,2
22-07-2019,80,38,5,10,2,2
23-07-2019,78,26,4,12,2,3
24-07-2019,67,33,2,11,2,3
25-07-2019,75, , , , , 
01-08-2019,66,38,2,11,2,2
02-08-2019,84,36,1,13,2,2
03-08-2019,89,36,2,11,2,4
04-08-2019,85,42,5,10,2,3
05-08-2019,88,44,4,12,2,3
06-08-2019,102,15,2,9,2,1
07-08-2019,39,20, ,9,2,2
08-08-2019,48,51,2,11,2,3
09-08-2019,97,46,1,10,2,2
10-08-2019,99,50,2,10,2,2
11-08-2019,114,42,4,10,2,3
12-08-2019,89,26,2,10,2,2
13-08-2019,64,30,2,8,2,2
14-08-2019,75,33,2,9,2,2
15-08-2019,67,58,3,12,2,3
16-08-2019,112,33,1,12,2,2
17-08-2019,82,33,3,9,2,2
18-08-2019,85,22,3,8,2,1
19-08-2019,47,29,3,7,2,2
20-08-2019,68,32,3,7,2,1
21-08-2019,71,47,5,9,2,2
22-08-2019,94,35,3,9,2,1
23-08-2019,80,32,2,12,2,3
24-08-2019,81,31,2,9,2,1
25-08-2019,75,22,3,8,2,2
26-08-2019,61,32,3,11,2,2
27-08-2019,76,40,4,10,2,2
28-08-2019,95,31,3,8,2,2
29-08-2019,72,37,4,8,2,2
30-08-2019,78,40,4,10,2,2
31-08-2019,85,50,5,11,2,3
01-09-2019,108,40,3,13,2,3
02-09-2019,89,27,6,7,1,3
03-09-2019,74,19,7,4, ,2
04-09-2019,49,19,9,4,1,1
05-09-2019,52,17,8,4, ,2
06-09-2019,49,15,5, ,7,1
07-09-2019,41,20,6, ,1,2
08-09-2019,55,31,6, ,1,2
09-09-2019,73,23,14, ,1,1
10-09-2019,67,29,9, ,2,3
11-09-2019,71,34,6,1,2,3
12-09-2019,81,23,10,2,2,2
13-09-2019,56,26,13,2,2,1
14-09-2019,63,33,8,2,2,1
15-09-2019,78,37,11,2,2,2
16-09-2019,78,26,5,2,2,1
17-09-2019,62,25,8,2,2,1
18-09-2019,60,33,10,2,2,2
19-09-2019,80,23,8,2,2,2
20-09-2019,49,26,13,2,2,2
21-09-2019,58,44,21,2,3,3
22-09-2019,93,33,9,2,2,4
23-09-2019,72,28,4,2,2,3
24-09-2019,64,16,4,2,2,2
25-09-2019,41,29,5,2,2,3
26-09-2019,67,27,5,2,2,2
27-09-2019,63,24,5,2,2,2
28-09-2019,62,17,5,2,2,1
29-09-2019,49,21,8, ,2,3
30-09-2019,58,42,7,21,2,4
01-04-2019,122,61,26,17,3,4
02-04-2019,130,73,15,13,1,3
03-04-2019,153,65,15,8, ,3
04-04-2019,144,67,10,8, ,3
05-04-2019,147,61,13,8, ,3
06-04-2019,136,48,17,10, ,3
07-04-2019,117,53,20,10,2,2
08-04-2019,110,77,18,16,1,4
09-04-2019,144,66,8,11, ,3
10-04-2019,129,71,15,11, ,4
11-04-2019,151,62,13,8, ,3
12-04-2019,136,64,24,11, ,3
13-04-2019,131,65,19,10, ,2
14-04-2019,138,78,28,10,1,3
15-04-2019,144,88,31,10,1,4
16-04-2019,155,114,25,9,1,2
17-04-2019,171,66,26,12,3,3
18-04-2019,146,61,25,14,3,2
19-04-2019,114,59,36,16,4,3
20-04-2019,105,97,29,14,2,2
21-04-2019,140,54,22,13, ,3
22-04-2019,118,55,22,11,1,2
23-04-2019,112,71,19,13,1,3
24-04-2019,144,55,20,8, ,2
25-04-2019,107,62,19,8, ,3
26-04-2019,106,71,19,9, ,3
27-04-2019,132,83,41,12,2,4
28-04-2019,139,83,42,12,3,2
29-04-2019,138,62,25,10, ,2
30-04-2019,96,41,12,8, ,2
01-05-2019,75,36,8,8, ,3
02-05-2019,72,30,14,8, ,2
03-05-2019,67,32,11,8, ,3
04-05-2019,61,59,23,11, ,4
05-05-2019,100,73,48,14,2,3
06-05-2019,126,83,42,14,3,3
07-05-2019,146,100,47,15,4,4
08-05-2019,152,109,54,15,4,5
09-05-2019,160,108,45,15,4,4
10-05-2019,163,92,43,10,1,4
11-05-2019,153,64,26,7, ,2
12-05-2019,136,96,30,8, ,5
13-05-2019,140,58,29,11, ,3
14-05-2019,121,51,30,9, ,2
15-05-2019,116,67,42,11,1,3
16-05-2019,134,74,36,10,1,3
17-05-2019,137,82,39,9,1,2
18-05-2019,148,78,39,10,1,4
19-05-2019,147,74,33,9,1,3
20-05-2019,135,68,40,9,2,3
21-05-2019,129,66,14,8, ,3
22-05-2019,131,50,9,7, ,2
23-05-2019,95,54,21,8,1,3
24-05-2019,102,59,14,10, ,3
25-05-2019,123,53,30,10,1,2
26-05-2019,107,63,14,8, ,2
27-05-2019,120,63,13,7, ,3
28-05-2019,118,58,12,9, ,3
29-05-2019,114,60,13,8, ,3
30-05-2019,116,60,9,10, ,3
31-05-2019,109,71,20,15, ,4
01-06-2019,143,52,10,7, ,2
02-06-2019,100,43,12,10, ,3
03-06-2019,94,59,13,12, ,4
04-06-2019,128,48,8,15,1,3
05-06-2019,116,33,8,9, ,2
06-06-2019,85,38,7,8, ,3
07-06-2019,80,53,10,9,1,3
08-06-2019,112,54,13,9, ,3
09-06-2019,109,59,10,6, ,2
10-06-2019,114,55,11,6, ,3
11-06-2019,106,63,15,8, ,4
12-06-2019,122,50,16,8, ,4
13-06-2019,113,65,14,7, ,4
14-06-2019,141,60,16,8, ,4
15-06-2019,127,57,10,8, ,3
16-06-2019,95,69,12,13, ,4
17-06-2019,124,75,12,10, ,3
18-06-2019,142,77,9,9, ,5
19-06-2019,126,72,12,11, ,3
20-06-2019,151,41,7,7, ,3
21-06-2019,100,25,4,4, ,2
22-06-2019,64,23,3,4, ,2
23-06-2019,63,38,5,3,1,2
24-06-2019,84,46,10,6, ,3
25-06-2019,91,42,6,5,1,4
26-06-2019,75,40,5,6,1,3
27-06-2019,85,47,8,6,1,3
28-06-2019,95,42,9,4,1,3
29-06-2019,95,60,9,5,2,4
30-06-2019,131,37,4,4,1,2
01-01-2019,183,119,10,29,6,10
02-01-2019,187,158,11,33,8,9
03-01-2019,225,140,9,32,6,9
04-01-2019,203,123,9,30,4,7
05-01-2019,191,103,8,29,4,9
06-01-2019,172,109,6,28,4,7
07-01-2019,170,101,9,22,5,6
08-01-2019,165,111,11,24,7,7
09-01-2019,177,112,10,27,5,7
10-01-2019,176,114,10,28,5,6
11-01-2019,175,116,13,30,6,9
12-01-2019,182,152,14,34,8,10
13-01-2019,207,144,12,29,8,7
14-01-2019,207,97,7,24,7,5
15-01-2019,163,97,7,26,5,7
16-01-2019,159,112,7,30,7,7
17-01-2019,177,123,7,29,7,7
18-01-2019,180,124,7,30,6,9
19-01-2019,181,131,6,32,9,9
20-01-2019,187,151,8,33,9,11
21-01-2019,204,180,9,30,9,10
22-01-2019,232,144,13,27,10,9
23-01-2019,209,105,9,17,7,5
24-01-2019,170,96,9,11,4,5
25-01-2019,166,96,5,10,3,4
26-01-2019,167,80,7,10,2,3
27-01-2019,149,68,6,10,2,2
28-01-2019,141,83,8,14,4,2
29-01-2019,148,85,7,21,4,4
30-01-2019,142,122,9,22,5,7
31-01-2019,178,111,9,27,7,6
01-02-2019,185,100,7,37,10,6
02-02-2019,175,112,9,36,9,7
03-02-2019,188,111,5,41,4, 
04-02-2019,184,95,10,22,8,3
05-02-2019,171,110,10,14,8,8
06-02-2019,180,136,8,9,11,8
07-02-2019,210,117,4,11,7,5
08-02-2019,190,79,4,8,2,3
09-02-2019,168,74,5,6,3,2
10-02-2019,146,68,6,4,2,3
11-02-2019,137,75,5,2,5,4
12-02-2019,155,93,5,1,5,5
13-02-2019,162,99,7,1,10,6
14-02-2019,175,88,5,2,5,5
15-02-2019,157,39,5,1,5,4
16-02-2019,85,61,5,1,4,1
17-02-2019,121,88,7,1,7,4
18-02-2019,150,107,6,1,11,8
19-02-2019,172,105,4,1,8,4
20-02-2019,170,105,29,25,9,8
21-02-2019,169,129,25,79,3,9
22-02-2019,201,110,8,81,2,6
23-02-2019,176,70,9,95,2,4
24-02-2019,140,50,18,62,2,4
25-02-2019,107,56,14,14,3,3
26-02-2019,130,41,5,7,1,2
27-02-2019,96,46,13,12,2,3
28-02-2019,96,62,23,26,4,4
01-03-2019,130,80,25,31,8,6
02-03-2019,164,91,19,31,11,5
03-03-2019,169,78,13,24,8,4
04-03-2019,157,90,12,16,3,5
05-03-2019,173,88,12,20,4,5
06-03-2019,161,70,12,19,6,3
07-03-2019,134,79,12,22,7,3
08-03-2019,149,82,11,23,9,6
09-03-2019,154,105,13,25,8,6
10-03-2019,177,90,12,19,7,4
11-03-2019,159,109,11,28,10,6
12-03-2019,178,87,13,21,3,7
13-03-2019,158,105,13,22,9,6
14-03-2019,175,70,9,13,2,6
15-03-2019,142,54,12,18,3,8
16-03-2019,119,77,12,16,5,3
17-03-2019,152,64,8,14,6,6
18-03-2019,114,82,13,11,6,5
19-03-2019,152,105,11,7,13,7
20-03-2019,166,99,10,4,13,7
21-03-2019,162,70,9,2,6,7
22-03-2019,130,77,10,2,10,2
23-03-2019,142,101,10,2,10,5
24-03-2019,162,114,8,2,10,6
25-03-2019,165,106,6,1,6,5
26-03-2019,154,62,7,2,3,5
27-03-2019,121,81,10,2,6,6
28-03-2019,159,88,13,2,4,6
29-03-2019,165,71,15,7, ,3
30-03-2019,153,74,14,12,2,3
31-03-2019,151,60,10,11, ,2
01-10-2018,154,85,40,7,10,10
02-10-2018,148,91,40,9,7,7
03-10-2018,154,90,34,7,3,7
04-10-2018,148,89,41,6,1,5
05-10-2018,162,81,36,7,3,5
06-10-2018,149,104,35,7,16,6
07-10-2018,168,102,48,6,5,8
08-10-2018,173,104,40,2,2,8
09-10-2018,172,72,56,1,2,3
10-10-2018,130,20,5,1, ,1
11-10-2018,52,24,8,2, ,3
12-10-2018,66,26,14,1, ,2
13-10-2018,66,48,12, , ,5
14-10-2018,90, , , , , 
16-10-2018,157,102,45,21,2,11
17-10-2018,174,89,58,17,1,7
18-10-2018,164, , , , , 
20-10-2018,131,93,18,17,3,7
21-10-2018,168,95,23,16,4,8
22-10-2018,165,87,37,15,1,5
23-10-2018,162,74,22,14,4,5
24-10-2018,149,94,24,28,6,7
25-10-2018,160,86,21,25,6,6
26-10-2018,141,78,14,28,3,6
27-10-2018,139,89,21,22,3,5
28-10-2018,162,61,29,16,3,5
29-10-2018,118,51,11,24,1,2
30-10-2018,101,58,29,27,16,11
31-10-2018,133,58,12,20,1,4
01-11-2018,118,76,48,23,17,9
02-11-2018,143,90,13,21,2,9
03-11-2018,168,84,21,19,2,9
04-11-2018,164,93,17,21,2,7
05-11-2018,166,95,22,21,4,6
06-11-2018,171,90,25,13,2,5
07-11-2018,173,108,26,20,6,10
08-11-2018,191,91,22,22,6,8
09-11-2018,173,89,20,22,3,8
10-11-2018,168,82,15,24,4,7
11-11-2018,155,105,19,31,3,8
12-11-2018,175,123,21,26,4,10
13-11-2018,197,140,16,28,5,13
14-11-2018,199,136,36,28,4,9
15-11-2018,173,120,23,28,28,13
16-11-2018,158,115,19,25,4,6
17-11-2018,174,101,19,27,3,7
18-11-2018,168,111,36,34,4,10
19-11-2018,167,127,39,43,25,12
20-11-2018,184,121,31,32,3,8
21-11-2018,181,103,27,25,4,7
22-11-2018,161,109,50,29,6,8
23-11-2018,168,111,16,26,6,8
24-11-2018,171,100,16,23,7,8
25-11-2018,163,110,31,27,7,8
26-11-2018,169,80,10,24,5,7
27-11-2018,138,82,11,21,3,5
28-11-2018,143,98,14,22,5,8
29-11-2018,158,100,13,24,6,5
30-11-2018,161,94,13,23,3,7
01-12-2018,162,95,12,24,3,6
02-12-2018,163,113,15,26,4,8
03-12-2018,171,119,40,27,5,8
04-12-2018,182,120,23,26,47,8
05-12-2018,181,148,2,51,5,14
06-12-2018,182,124,17,26,7,7
07-12-2018,179,113,18,25,6,9
08-12-2018,174,119,19,26,7,9
09-12-2018,179,111,21,25,8,13
10-12-2018,173,135,17,42,7,7
11-12-2018,192, , , , , 
15-12-2018,153,78,17,22,3,5
16-12-2018,152,87,6,19,3,7
17-12-2018,164,56,7,10, ,2
18-12-2018,124,64,11,19, ,5
19-12-2018,128,119,19,23,1,8
20-12-2018,175,128,19,25,3,8
21-12-2018,199,120,17,23,3,6
22-12-2018,186,110,17,22,2,6
23-12-2018,181,115,15,23,4,7
24-12-2018,178,122,16,27,7,8
25-12-2018,192,112,15,27,5,8
26-12-2018,181,104,11,26,8,7
27-12-2018,174,99,12,23,7,5
28-12-2018,155,91,12,23,4,5
29-12-2018,165,103,12,22,3,5
30-12-2018,175, , , , , 
01-07-2018,665,48,8,8,29,11
02-07-2018,94,43,15,8,1,10
03-07-2018,99,42,12,12,1,17
04-07-2018,76,34,6,11,1,11
05-07-2018,71,51,16,11,1,10
06-07-2018,97,56,20,10,1,10
07-07-2018,104,30,11,5,1,8
08-07-2018,71,35,11,7,1,9
09-07-2018,68,40,3,6, ,10
10-07-2018,90,57,1,22,1,12
11-07-2018,111,33,12,5,1,9
12-07-2018,75,34,10,5,1,9
13-07-2018,91, , , , , 
16-07-2018,42,22,13,5,1,9
27-07-2018,71, , , , , 
30-07-2018,114,62, ,13, ,9
31-07-2018,142,44,20,19,2,10
01-08-2018,91,39,33,9,4,10
02-08-2018,73,45,15,12,1,9
03-08-2018,89,56,11,9,2,10
04-08-2018,118,57,12,6,1,10
05-08-2018,122,42,8,9,1,11
06-08-2018,90,29,11,5,1,9
07-08-2018,72,34,11,6,1,9
08-08-2018,65,45,12,7,5,9
09-08-2018,92,38,15,2, ,9
10-08-2018,70,40,9,6, ,9
11-08-2018,92,39,13,5,1,8
12-08-2018,74,37,12,4,1,9
13-08-2018,71,30,13,5, ,9
14-08-2018,76, , , , , 
16-08-2018,62,41,13,5,1,8
17-08-2018,91,56,16,11,1,13
18-08-2018,107,56,10,8, ,11
19-08-2018,115,21,9,5,2,9
20-08-2018,49,27,5,5,1,4
21-08-2018,71,39,8,3,2,9
22-08-2018,78,49,4,13, ,10
23-08-2018,104,49,80,10, ,9
24-08-2018,91, , , , , 
27-08-2018,47,24,21,6,3,11
28-08-2018,59,41,35, ,1,9
29-08-2018,76,46,37, ,1,10
30-08-2018,77,38,27,6,1,11
31-08-2018,79,39,18,6,2,12
01-09-2018,99,34,10,6,12,8
02-09-2018,71,31,16,2,1,9
03-09-2018,66,51,7, ,1,13
04-09-2018,112,41,9, ,1,10
05-09-2018,100,20,8, ,5,8
06-09-2018,50,31,8, ,5,3
07-09-2018,69,59,9, ,1,3
08-09-2018,109,45,7, ,1,2
09-09-2018,80,56,15, ,10,6
10-09-2018,101,59,32, ,3,7
11-09-2018,112,59,38, ,4,4
12-09-2018,111,51,21, ,1,4
13-09-2018,104,55,19, ,50,3
14-09-2018,115,47,13, ,39,3
15-09-2018,98,73,14, , ,5
16-09-2018,130, , , , , 
18-09-2018,125,66,27,6,4,2
19-09-2018,135,28,17,5,18,1
20-09-2018,75,17,19,5,11,1
21-09-2018,41,33,15,5,10,1
22-09-2018,68,34,17,5,11,2
23-09-2018,68,53,21,6,31,4
24-09-2018,103,74,27,6,7,6
25-09-2018,149,68,19,6,6,7
26-09-2018,140,70,24,6,6,4
27-09-2018,150,64,6, ,5,3
30-09-2018,154,82,37,7,11,5
05-04-2018,74,64,35,20,6,9
06-04-2018,118,65,33,14,4,9
07-04-2018,127,50,26,15,2,9
08-04-2018,94,49,15,12, ,8
09-04-2018,91,53,23,17,2,10
10-04-2018,99,65,17,19,14,11
11-04-2018,115,59,25,14,44,12
12-04-2018,110,54,43,13,6,10
13-04-2018,114,63,43,12,4,11
14-04-2018,138,57,49,19,7,9
15-04-2018,119,89,42,24,3,12
16-04-2018,171,84,34,18,4,9
17-04-2018,161,58,19,8,2,9
18-04-2018,136,74,42,18,9,8
19-04-2018,132,67,39,12,1,10
20-04-2018,149,81,30,9,1,9
21-04-2018,112,73,22,15,2,11
22-04-2018,146,80,42,15,4,9
23-04-2018,157,85,25,17,3,11
24-04-2018,167,88,24,15,6,11
25-04-2018,164,74,22,10,1,8
26-04-2018,147,56,21,15,81,8
27-04-2018,120,55,31,16,40,8
28-04-2018,121,60,23,8,5,9
29-04-2018,130,46,11,10,1,9
30-04-2018,86,60,41, ,93,6
01-05-2018,148,58,51,17,6,9
02-05-2018,132,46,31,13,4,9
03-05-2018,108,59,37,16,2,11
04-05-2018,143,59,29,9,3,10
05-05-2018,132,60,24,9,1,9
06-05-2018,132,69,48,15,2,13
07-05-2018,144,73,35,15,3,11
08-05-2018,153,66,28,10, ,11
09-05-2018,148,64,8,5, ,9
10-05-2018,145,63,19,16, ,12
11-05-2018,144,60,30,12,1,9
12-05-2018,140,55,19,11, ,10
13-05-2018,127,53,32,14,3,11
14-05-2018,102,57,31,9,4,9
15-05-2018,140,48,22,6,4,9
16-05-2018,106,62,30,10,1,11
17-05-2018,121,69,34,9,14,11
18-05-2018,148,69,50,11,5,10
19-05-2018,140,62,21,18,14,10
20-05-2018,178,75,38,14,1,11
21-05-2018,140,68,25,10, ,10
22-05-2018,127,55,25,6, ,11
23-05-2018,122,43,21,4,2,10
24-05-2018,93,40,23,6, ,10
25-05-2018,92,53,29,8, ,9
26-05-2018,100,38,24,4, ,9
27-05-2018,85,48,20,5, ,9
28-05-2018,89,47,20,10,13,8
29-05-2018,106,63,15,13,8,8
30-05-2018,125,57,39,9,3,10
31-05-2018,107,56,20,11,14,10
01-06-2018,109,44,18,10, ,9
02-06-2018,89,37,9,4, ,9
03-06-2018,78,54,26,17,5,10
04-06-2018,101,62,16,13,6,9
05-06-2018,129,55,25,8, ,9
06-06-2018,100,42,14,6,1,10
07-06-2018,81,52,13,11, ,10
08-06-2018,101,68,1,19, ,14
09-06-2018,138, , , , , 
11-06-2018,94,55,12,11, ,10
12-06-2018,114,67,22,11,12,8
13-06-2018,123,80,25,10,2,9
14-06-2018,146,95,28,18,1,7
15-06-2018,159,87,20,12, ,12
16-06-2018,153,75,33,13, ,15
17-06-2018,143,79,31,12, ,14
18-06-2018,148,73,37,16,1,11
19-06-2018,124,67,16,13,30,11
20-06-2018,113,40,16,9, ,9
21-06-2018,107, , , , , 
25-06-2018,130, , , , , 
29-06-2018,104,43,16,5,1,7
30-06-2018,96,56,6,8,1,11
21-01-2018,160,98,27,20,8,14
22-01-2018,174,122,33,24,13,18
23-01-2018,200,133,25,21,13,14
24-01-2018,216,97,26,18,7,14
25-01-2018,172,99,30,17,10,13
26-01-2018,177,90,26,17,7,12
27-01-2018,165,107,30,21,10,15
28-01-2018,181,110,42,18,15,15
29-01-2018,180,114,29,21,10,17
30-01-2018,180,131,46,22,14,15
31-01-2018,204,129,21,19,8,14
01-02-2018,186,133,33,22,12,16
02-02-2018,194,147,23,25,14,19
03-02-2018,209,165,21,30,18,17
04-02-2018,242,127,36,21,14,13
05-02-2018,188,106,27,20,10,11
06-02-2018,173,120,22,22,15,14
07-02-2018,174,102,13,19,14,13
08-02-2018,164,111,18,29,19,14
09-02-2018,174,102,19,20,15,11
10-02-2018,160,109,22,27,20,17
11-02-2018,176,146,22,21,11,12
12-02-2018,209,77,13,15,13,11
13-02-2018,138,78,14,21,14,12
14-02-2018,151,80,17,30,13,10
15-02-2018,140,86,16,34,15,12
16-02-2018,144,93,18,29,13,10
17-02-2018,145,117,21,44,15,15
18-02-2018,162,119,20,44,14,13
19-02-2018,176,101,18,25,9,11
20-02-2018,161,108,20,37,14,11
21-02-2018,165,120,17,49,11,15
22-02-2018,176,152,19,57,11,11
23-02-2018,198,118,19,35,6,11
24-02-2018,169,135,16,35,9,14
25-02-2018,180,92,18,27,11,10
26-02-2018,144,93,21,33,12,12
27-02-2018,155,97,21,34,11,12
28-02-2018,163,98,19,30,13,11
01-03-2018,163,96,17,28,12,12
02-03-2018,156,107,16,27,13,12
03-03-2018,152,96,17,31,12,12
04-03-2018,153,116,12,36,13,12
05-03-2018,161,83,14,25,15,13
06-03-2018,135,86,13,34,56,4
07-03-2018,113,113,17,44,9,11
08-03-2018,159,95,16,36,8,11
09-03-2018,156,99,11,31,11,11
10-03-2018,155, , , , , 
12-03-2018,160,122,10,43,10,12
13-03-2018,166,100,10,42,10,13
14-03-2018,153,129,9,43,9,14
15-03-2018,174,88,19,28,15,12
16-03-2018,154,81,16,23,12,11
17-03-2018,138,100,14,36,13,12
18-03-2018,164,96,28,40,13,12
19-03-2018,227,116,23,48,13,14
20-03-2018,239,103,27,28,17,9
21-03-2018,125,111,13,32,13,13
22-03-2018,167,102,28,20,6,11
23-03-2018,162,91,21,19,7,11
24-03-2018,162,89,27,27,6,11
25-03-2018,158,82,57,36,6,13
26-03-2018,136,110,52,34,10,11
27-03-2018,155,117,38,27,6,11
28-03-2018,177, , , , , 
21-05-2023, ,75,38,10,4,5
02-04-2023, ,70,23,18,4,7
20-03-2023, ,81,22,16,5,5
23-10-2022, ,88,28,9,3,4
09-07-2022, ,24,4,24,3,3
13-07-2022, ,27,11,24,3,1
22-07-2022, ,32,5,23,1,3
21-02-2022, ,84,49,6,4,7
28-07-2021, ,23,25,3,2,4
14-02-2021, ,110,52,23,7,7
05-08-2020, ,27,8,3, ,3
02-09-2020, ,31,52,5,8,4
23-04-2020, ,39,11,2,19,1
21-05-2020, ,35,9,4,1,3
17-06-2020, ,42,6,1,1,2
31-12-2019, ,114,19,28,5,10
26-03-2020, ,62,9,9,5,3
31-07-2019, ,32,1,13,2,2
31-12-2018, ,109,11,26,4,7
15-10-2018, ,78,51,18,2,6
19-10-2018, ,84,11,19,3,14
14-12-2018, ,90,17,23,2,4
15-07-2018, ,25,15,3,33,9
17-07-2018, ,38,10,7,1,9
18-07-2018, ,43,11,8, ,10
19-07-2018, ,60,17,15,18,11
20-07-2018, ,30,5,5, ,7
21-07-2018, ,11,7,1, ,7
22-07-2018, ,26,5,8,1,10
23-07-2018, ,27,9,7,1,9
24-07-2018, ,33,15,6,13,9
25-07-2018, ,24,2,11,1,11
26-07-2018, ,22,5,8,4,10
29-07-2018, ,64, ,9, ,7
15-08-2018, ,23,6,6,1,9
26-08-2018, ,22,60,4,1,10
17-09-2018, ,66,34,8,7,5
29-09-2018, ,83,37,8,25,5
04-04-2018, ,51,35,11,1,9
10-06-2018, ,53,16,9,1,11
24-06-2018, ,53,6,12,1,7
28-06-2018, ,43,6, ,1,4
20-01-2018, ,88,26,17,7,10
11-03-2018, ,104,7,44,10,20
